Station Display Name,Zone,Customer Category,Postal Code,EVSE Latitude and Longitude,Long,Lat
120 ENTRANCE / ACH MAIN,120 ENTRANCE,Hospitality,78704,"(30.235856, -97.741577)",-97.741577,30.235856
7700 PARMER / 7700 PARMER,7700 PARMER,Workplace,78729,"(30.460477, -97.750024)",-97.750024,30.460477
AISD PAC / AISD PAC #1,AISD PAC,Education,78723,"(30.305454, -97.702666)",-97.702666,30.305454
AISD PAC / AISD PAC #2,AISD PAC,Education,78723,"(30.30538, -97.702537)",-97.702537,30.30538
AISD PAC / AISD PAC #3,AISD PAC,Education,78723,"(30.305343, -97.702408)",-97.702408,30.305343
AISD PAC / AISD PAC #4,AISD PAC,Education,78723,"(30.305269, -97.702269)",-97.702269,30.305269
AISD PAC / AISD PAC #5,AISD PAC,Education,78723,"(30.305204, -97.702108)",-97.702108,30.305204
AMD GO GREEN / P100 FL4 OUTER,AMD GO GREEN,Workplace,78735,"(30.251635, -97.863914)",-97.863914,30.251635
AMD GO GREEN / P100 FLOOR 5,AMD GO GREEN,Workplace,78735,"(30.251499, -97.863984)",-97.863984,30.251499
ARBORETUM / N CAPITAL TX 1,ARBORETUM,Retail,78759,"(30.390246, -97.74825)",-97.74825,30.390246
AUSTIN / 400 - 1,AUSTIN,Workplace,78701,"(30.265028, -97.748448)",-97.748448,30.265028
AUSTIN / 400 - 2,AUSTIN,Workplace,78701,"(30.265052, -97.74844)",-97.74844,30.265052
AUSTIN / 400 - 3,AUSTIN,Workplace,78701,"(30.26505, -97.74849)",-97.74849,30.26505
AUSTIN / AUSTIN 200 1,AUSTIN,Workplace,78701,"(30.264423, -97.746071)",-97.746071,30.264423
AUSTIN / AUSTIN 200 2,AUSTIN,Workplace,78701,"(30.26445, -97.746142)",-97.746142,30.26445
AUSTIN / AUSTIN 200 3,AUSTIN,Workplace,78701,"(30.264505, -97.746067)",-97.746067,30.264505
AVIATION / DOA - CONRAC1,AVIATION,Parking,78719,"(30.204711, -97.666322)",-97.666322,30.204711
AVIATION / DOA - CONRAC2,AVIATION,Parking,78719,"(30.204655, -97.666451)",-97.666451,30.204655
AVIATION / LOT J NW,AVIATION,Municipal,78719,"(30.207439, -97.661026)",-97.661026,30.207439
AVIATION / LOT J SW,AVIATION,Municipal,78719,"(30.207559, -97.661039)",-97.661039,30.207559
AXO GROUP LLC / AUSTIN CHARGE,AXO GROUP LLC,Workplace,78702,"(30.266047, -97.733139)",-97.733139,30.266047
B-AUSTIN / STATION 1,B-AUSTIN,Multifamily,78745,"(30.206406, -97.807047)",-97.807047,30.206406
BRANDYWINE AUST / CAPITAL ST 1,BRANDYWINE AUST,Workplace,78746,"(30.280123, -97.824008)",-97.824008,30.280123
BRANDYWINE AUST / CAPITAL ST 2,BRANDYWINE AUST,Workplace,78746,"(30.280357, -97.824244)",-97.824244,30.280357
BRANDYWINE AUST / ENCINO GARAGE,BRANDYWINE AUST,Workplace,78735,"(30.243787, -97.843763)",-97.843763,30.243787
BRANDYWINE AUST / GARAGE P1-L2-G,BRANDYWINE AUST,Workplace,78746,"(30.244181, -97.806692)",-97.806692,30.244181
BRANDYWINE AUST / GARAGE P2-L2-GW,BRANDYWINE AUST,Workplace,78735,"(30.24609, -97.8046)",-97.8046,30.24609
BRANDYWINE AUST / SOUTHWEST ST1,BRANDYWINE AUST,Workplace,78735,"(30.244005, -97.845965)",-97.845965,30.244005
BRANDYWINE AUST / SOUTHWEST ST2,BRANDYWINE AUST,Workplace,78735,"(30.243945, -97.845952)",-97.845952,30.243945
CATHERINE / CATHERINE 1,CATHERINE,Multifamily,78704,"(30.259096, -97.747775)",-97.747775,30.259096
CATHERINE / CATHERINE 2,CATHERINE,Multifamily,78704,"(30.259099, -97.747754)",-97.747754,30.259099
CEDARHILLS-AE / CEDARHILL 1,CEDARHILLS-AE,Multifamily,78749,"(30.189638, -97.856428)",-97.856428,30.189638
CHAMPION OFFICE / EV #1,CHAMPION OFFICE,Workplace,78750,"(30.363141, -97.793613)",-97.793613,30.363141
CHAMPION OFFICE / EV #2,CHAMPION OFFICE,Workplace,78750,"(30.3632, -97.793703)",-97.793703,30.3632
CHEVY MAIN / AUTONATION MAIN,CHEVY MAIN,Retail,78759,"(30.409556, -97.745947)",-97.745947,30.409556
CLAY COOLEY / QUICK CHARGER 1,CLAY COOLEY,Retail,78745,"(30.206127, -97.758965)",-97.758965,30.206127
COA FACILITIES / ANIMAL SERVICE1,COA FACILITIES,Municipal,78702,"(30.251505, -97.688644)",-97.688644,30.251505
COA FACILITIES / ANIMAL SERVICE2,COA FACILITIES,Municipal,78702,"(30.251463, -97.688644)",-97.688644,30.251463
COA FACILITIES / CITY HALL STAT1,COA FACILITIES,Municipal,78701,"(30.264847, -97.746872)",-97.746872,30.264847
COA FACILITIES / CITY HALL STAT2,COA FACILITIES,Municipal,78701,"(30.264807, -97.746864)",-97.746864,30.264807
COA FACILITIES / CONVENTION CTR1,COA FACILITIES,Municipal,78701,"(30.26372, -97.742371)",-97.742371,30.26372
COA FACILITIES / CONVENTION CTR2,COA FACILITIES,Municipal,78701,"(30.2637, -97.742294)",-97.742294,30.2637
COA FACILITIES / CONVENTION CTR3,COA FACILITIES,Municipal,78701,"(30.263708, -97.742325)",-97.742325,30.263708
COA FACILITIES / CTECC EVSE1,COA FACILITIES,Municipal,78723,"(30.29914, -97.692227)",-97.692227,30.29914
COA FACILITIES / CTECC EVSE2,COA FACILITIES,Municipal,78723,"(30.299223, -97.692164)",-97.692164,30.299223
COA FACILITIES / HAMPTONLIBRARY1,COA FACILITIES,Municipal,78749,"(30.218, -97.854866)",-97.854866,30.218
COA FACILITIES / HAMPTONLIBRARY2,COA FACILITIES,Municipal,78749,"(30.217978, -97.854843)",-97.854843,30.217978
COA FACILITIES / HOWSONBRCHLIBR1,COA FACILITIES,Municipal,78703,"(30.298466, -97.767868)",-97.767868,30.298466
COA FACILITIES / HOWSONBRCHLIBR2,COA FACILITIES,Municipal,78703,"(30.29847, -97.767883)",-97.767883,30.29847
COA FACILITIES / KRAMER 01,COA FACILITIES,Municipal,78758,"(30.394697, -97.716885)",-97.716885,30.394697
COA FACILITIES / MACC STATION 1,COA FACILITIES,Municipal,78701,"(30.258428, -97.739549)",-97.739549,30.258428
COA FACILITIES / MACC STATION 2,COA FACILITIES,Municipal,78701,"(30.258439, -97.739541)",-97.739541,30.258439
COA FACILITIES / MILWOOD LIB 1,COA FACILITIES,Municipal,78727,"(30.422258, -97.716354)",-97.716354,30.422258
COA FACILITIES / MILWOOD LIB 2,COA FACILITIES,Municipal,78727,"(30.422272, -97.71637)",-97.71637,30.422272
COA FACILITIES / NWRECCENTER 1,COA FACILITIES,Municipal,78731,"(30.334032, -97.751503)",-97.751503,30.334032
COA FACILITIES / NWRECCENTER 2,COA FACILITIES,Municipal,78757,"(30.334009000000002, -97.751455)",-97.751455,30.334009000000002
COA FACILITIES / NWRECCENTER 3,COA FACILITIES,Municipal,78731,"(30.334024, -97.75148)",-97.75148,30.334024
COA FACILITIES / NWRECCENTER 4,COA FACILITIES,Municipal,78757,"(30.334006, -97.751429)",-97.751429,30.334006
COA FACILITIES / OTC 3FL PKGSTA1,COA FACILITIES,Municipal,78704,"(30.25704, -97.749207)",-97.749207,30.25704
COA FACILITIES / OTC 3FL PKGSTA2,COA FACILITIES,Municipal,78704,"(30.257099, -97.749138)",-97.749138,30.257099
COA FACILITIES / OTC 3FL PKGSTA3,COA FACILITIES,Municipal,78704,"(30.257202, -97.749107)",-97.749107,30.257202
COA FACILITIES / PALMER STATION1,COA FACILITIES,Municipal,78704,"(30.259241, -97.751763)",-97.751763,30.259241
COA FACILITIES / PALMER STATION2,COA FACILITIES,Municipal,78704,"(30.259294, -97.751762)",-97.751762,30.259294
COA FACILITIES / PALMER STATION3,COA FACILITIES,Municipal,78704,"(30.259266, -97.751841)",-97.751841,30.259266
COA FACILITIES / PUBDITTMAR1,COA FACILITIES,Parks and Recreation,78745,"(30.185047, -97.801982)",-97.801982,30.185047
COA FACILITIES / PUBDITTMAR2,COA FACILITIES,Parks and Recreation,78745,"(30.185047, -97.801928)",-97.801928,30.185047
COA FACILITIES / ROSEWOOD PARK 2,COA FACILITIES,Parks and Recreation,78702,"(30.271724, -97.713954)",-97.713954,30.271724
COA FACILITIES / ROSEWOODPARK1,COA FACILITIES,Parks and Recreation,78702,"(30.271822, -97.713966)",-97.713966,30.271822
COA FACILITIES / RUTHERFORDCAMP1,COA FACILITIES,Municipal,78754,"(30.336962, -97.680801)",-97.680801,30.336962
COA FACILITIES / RUTHERFORDCAMP2,COA FACILITIES,Municipal,78754,"(30.336996, -97.680779)",-97.680779,30.336996
COA FACILITIES / RUTHERFORDCAMP3,COA FACILITIES,Municipal,78754,"(30.337023, -97.680756)",-97.680756,30.337023
COA FACILITIES / TECHNICENTER1,COA FACILITIES,Municipal,78725,"(30.27771, -97.665237)",-97.665237,30.27771
COA FACILITIES / TECHNICENTER2,COA FACILITIES,Municipal,78725,"(30.277599, -97.665176)",-97.665176,30.277599
COA FACILITIES / TECHNICENTER3,COA FACILITIES,Municipal,78725,"(30.277645, -97.665192)",-97.665192,30.277645
COA FACILITIES / TLC  STATION 1,COA FACILITIES,Municipal,78704,"(30.258434, -97.752075)",-97.752075,30.258434
COA FACILITIES / TLC STATI0N 2,COA FACILITIES,Municipal,78704,"(30.258398, -97.751999)",-97.751999,30.258398
COA FACILITIES / WALNUTCREEKPRK1,COA FACILITIES,Parks and Recreation,78753,"(30.398497, -97.679832)",-97.679832,30.398497
COA FACILITIES / WALNUTCREEKPRK2,COA FACILITIES,Parks and Recreation,78753,"(30.398552, -97.679832)",-97.679832,30.398552
COA FACILITIES / ZILKER PARK PH1,COA FACILITIES,Parks and Recreation,78704,"(30.264322, -97.770737)",-97.770737,30.264322
COA FACILITIES / ZILKER PARK PH2,COA FACILITIES,Parks and Recreation,78704,"(30.264336, -97.770645)",-97.770645,30.264336
COA FACILITIES / ZILKERPARKPOLO1,COA FACILITIES,Parks and Recreation,78746,"(30.266584, -97.774925)",-97.774925,30.266584
COA FACILITIES / ZILKERPARKPOLO2,COA FACILITIES,Parks and Recreation,78746,"(30.266611, -97.774918)",-97.774918,30.266611
COA FLEET - PIE / BARTON #1,COA FLEET - PIE,Municipal,78704,"(30.258631, -97.74855)",-97.74855,30.258631
COA FLEET - PIE / BARTON #2,COA FLEET - PIE,Municipal,78704,"(30.258635, -97.748543)",-97.748543,30.258635
COA FLEET - PIE / BARTON #3,COA FLEET - PIE,Municipal,78704,"(30.258631, -97.748566)",-97.748566,30.258631
COA FLEET - PIE / BARTON #4,COA FLEET - PIE,Municipal,78704,"(30.258627, -97.748573)",-97.748573,30.258627
COA FLEET - PIE / ED BLUE #1,COA FLEET - PIE,Municipal,78725,"(30.277622, -97.666313)",-97.666313,30.277622
COA FLEET - PIE / ED BLUE #3,COA FLEET - PIE,Municipal,78725,"(30.277632, -97.666283)",-97.666283,30.277632
COA FLEET - PIE / FLOOR 4 ADA,COA FLEET - PIE,Municipal,78701,"(30.269745, -97.734467)",-97.734467,30.269745
COA FLEET - PIE / FLOOR4,COA FLEET - PIE,Municipal,78701,"(30.269112, -97.734062)",-97.734062,30.269112
COA FLEET - PIE / MEINARD #1,COA FLEET - PIE,Municipal,78744,"(30.211361, -97.752083)",-97.752083,30.211361
COA FLEET - PIE / MEINARD #2,COA FLEET - PIE,Municipal,78744,"(30.211357, -97.752083)",-97.752083,30.211357
COA FLEET - PIE / ROOF 1,COA FLEET - PIE,Municipal,78701,"(30.268921, -97.734787)",-97.734787,30.268921
COA FLEET - PIE / ROOF2,COA FLEET - PIE,Municipal,78701,"(30.268908, -97.734749)",-97.734749,30.268908
COA FLEET - PIE / ROOF3,COA FLEET - PIE,Municipal,78701,"(30.268894, -97.734703)",-97.734703,30.268894
COA FLEET - PIE / ROOF4,COA FLEET - PIE,Municipal,78701,"(30.268885, -97.734673)",-97.734673,30.268885
COA FLEET - PIE / ROOF5,COA FLEET - PIE,Municipal,78701,"(30.268883, -97.734665)",-97.734665,30.268883
COA FLEET - PIE / ROOF6,COA FLEET - PIE,Municipal,78701,"(30.268866, -97.734612)",-97.734612,30.268866
COA FLEET - PIE / RUTHERFORD #1,COA FLEET - PIE,Municipal,78754,"(30.335861, -97.679398)",-97.679398,30.335861
COA FLEET - PIE / RUTHERFORD #2,COA FLEET - PIE,Municipal,78754,"(30.335873, -97.679359)",-97.679359,30.335873
COA FLEET - PIE / RUTHERFORD #3,COA FLEET - PIE,Municipal,78754,"(30.335857, -97.679413)",-97.679413,30.335857
COA FLEET - PIE / RUTHERFORD #4,COA FLEET - PIE,Municipal,78754,"(30.335852, -97.679428)",-97.679428,30.335852
COA FLEET - PIE / RUTHERFORD #5,COA FLEET - PIE,Municipal,78754,"(30.335863, -97.679329)",-97.679329,30.335863
COA FLEET - PIE / RUTHERFORD #6,COA FLEET - PIE,Municipal,78754,"(30.335842, -97.679443)",-97.679443,30.335842
COA FLEET - PIE / RUTHERFORD #7,COA FLEET - PIE,Municipal,78754,"(30.335838, -97.679451)",-97.679451,30.335838
COA FLEET - PIE / RUTHERFORD #8,COA FLEET - PIE,Municipal,78754,"(30.335829, -97.679459)",-97.679459,30.335829
COA FLEET - PIE / RUTHERFORD #9,COA FLEET - PIE,Municipal,78754,"(30.335875, -97.679382)",-97.679382,30.335875
COA FLEET - PIE / SPRING #1,COA FLEET - PIE,Municipal,78702,"(30.259113, -97.699699)",-97.699699,30.259113
COA FLEET - PIE / SPRING #2,COA FLEET - PIE,Municipal,78702,"(30.259312, -97.699577)",-97.699577,30.259312
COA FLEET - PIE / TOOMEY #1,COA FLEET - PIE,Municipal,78704,"(30.263723, -97.759262)",-97.759262,30.263723
COA FLEET - PIE / TOOMEY #2,COA FLEET - PIE,Municipal,78704,"(30.263716, -97.759239)",-97.759239,30.263716
DEVLOPER / TRAMMELL CROW 1,DEVLOPER,Workplace,78701,"(30.265913, -97.749044)",-97.749044,30.265913
DEVLOPER / TRAMMELL CROW 2,DEVLOPER,Workplace,78701,"(30.265895, -97.749109)",-97.749109,30.265895
DEVLOPER / TRAMMELL CROW 3,DEVLOPER,Workplace,78701,"(30.265932, -97.749109)",-97.749109,30.265932
DEVLOPER / TRAMMELL CROW 4,DEVLOPER,Workplace,78701,"(30.265914, -97.749008)",-97.749008,30.265914
DEVLOPER / TRAMMELL CROW 6,DEVLOPER,Workplace,78701,"(30.265909, -97.748953)",-97.748953,30.265909
DEVLOPER / TRAMMELLCROW5,DEVLOPER,Workplace,78701,"(30.265885, -97.748891)",-97.748891,30.265885
DOMAINTOWER / DTLVL1 1,DOMAINTOWER,Workplace,78758,"(30.401181, -97.719499)",-97.719499,30.401181
ENDEAVOR REG / BLUE GARAGE #1,ENDEAVOR REG,Parking,78758,"(30.401174, -97.719445)",-97.719445,30.401174
ENDEAVOR REG / BLUE GARAGE #2,ENDEAVOR REG,Parking,78758,"(30.401844, -97.718785)",-97.718785,30.401844
ENDEAVOR REG / BLUE GARAGE #3,ENDEAVOR REG,Parking,78758,"(30.40175, -97.720173)",-97.720173,30.40175
ENDEAVOR REG / BLUE GARAGE #4,ENDEAVOR REG,Parking,78758,"(30.393684, -97.723166)",-97.723166,30.393684
ENDEAVOR REG / BLUE GARAGE #5,ENDEAVOR REG,Parking,78758,"(30.403697, -97.722512)",-97.722512,30.403697
ENDEAVOR REG / BLUE GARAGE #6,ENDEAVOR REG,Parking,78758,"(30.403745, -97.7225)",-97.7225,30.403745
ENDEAVOR REG / BLUE GARAGE #7,ENDEAVOR REG,Parking,78758,"(30.403779, -97.722489)",-97.722489,30.403779
ENDEAVOR REG / ENDEAVOR STAT1,ENDEAVOR REG,Parking,78702,"(30.403822, -97.722477)",-97.722477,30.403822
DOMAIN / LEFT STATION,DOMAIN,Parking,78758,"(30.403862, -97.72246)",-97.72246,30.403862
ENDEAVOR REG / NORDSTROM L1 #1,ENDEAVOR REG,Parking,78758,"(30.403736, -97.722504)",-97.722504,30.403736
ENDEAVOR REG / NORDSTROM L1 #2,ENDEAVOR REG,Parking,78758,"(30.403664, -97.722523)",-97.722523,30.403664
ENDEAVOR REG / NORDSTROM L1 #3,ENDEAVOR REG,Parking,78758,"(30.258756, -97.720097)",-97.720097,30.258756
ENDEAVOR REG / NORDSTROM L2 #1,ENDEAVOR REG,Parking,78758,"(30.401522, -97.720071)",-97.720071,30.401522
ENDEAVOR REG / NORDSTROM L2 #2,ENDEAVOR REG,Parking,78758,"(30.401589, -97.720053)",-97.720053,30.401589
ENDEAVOR REG / NORDSTROM L2 #3,ENDEAVOR REG,Parking,78758,"(30.401656, -97.720026)",-97.720026,30.401656
ENDEAVOR REG / PALM WAY #1,ENDEAVOR REG,Parking,78758,"(30.401517, -97.719927)",-97.719927,30.401517
ENDEAVOR REG / PALM WAY #2,ENDEAVOR REG,Parking,78758,"(30.40157, -97.719909)",-97.719909,30.40157
ENDEAVOR REG / PALM WAY #3,ENDEAVOR REG,Parking,78758,"(30.401619, -97.719889)",-97.719889,30.401619
ENDEAVOR REG / RED GARAGE #1,ENDEAVOR REG,Parking,78758,"(30.403636, -97.719927)",-97.719927,30.403636
ENDEAVOR REG / RED GARAGE #2,ENDEAVOR REG,Parking,78758,"(30.403631, -97.719901)",-97.719901,30.403631
ENDEAVOR REG / RED GARAGE #3,ENDEAVOR REG,Parking,78758,"(30.403626, -97.719878)",-97.719878,30.403626
ENDEAVOR REG / RED GARAGE #4,ENDEAVOR REG,Parking,78758,"(30.402172, -97.723338)",-97.723338,30.402172
DOMAIN / RIGHT STATION,DOMAIN,Parking,78758,"(30.402165, -97.723231)",-97.723231,30.402165
DOMAIN / STATION 1,DOMAIN,Parking,78758,"(30.402156, -97.723219)",-97.723219,30.402156
DOMAIN / STATION 2,DOMAIN,Parking,78758,"(30.402146, -97.72321)",-97.72321,30.402146
GAINESRANCH / GAINES 1,GAINESRANCH,Multifamily,78735,"(30.244044, -97.818364)",-97.818364,30.244044
GALLERIA OAKS / GALLERIA OAKS 1,GALLERIA OAKS,Workplace,78738,"(30.313121, -97.946493)",-97.946493,30.313121
GALLERIA OAKS / GALLERIA OAKS 2,GALLERIA OAKS,Workplace,78738,"(30.313186, -97.946482)",-97.946482,30.313186
GALLERY DOMAIN / GALLERY DOMAIN,GALLERY DOMAIN,Multifamily,78758,"(30.396207, -97.722102)",-97.722102,30.396207
GARAGE 1 / GARAGE ONE,GARAGE 1,Multifamily,78745,"(30.211727, -97.772285)",-97.772285,30.211727
GPT / GABLES 1,GPT,Multifamily,78701,"(30.268637, -97.754851)",-97.754851,30.268637
GPT / GPT 2,GPT,Multifamily,78701,"(30.268498, -97.754605)",-97.754605,30.268498
GPT / GPT 3,GPT,Multifamily,78701,"(30.268396, -97.754401)",-97.754401,30.268396
HABITAT SUITES / DUAL PORT,HABITAT SUITES,Hospitality,78752,"(30.329139, -97.709555)",-97.709555,30.329139
HABITAT SUITES / SINGLE PORT,HABITAT SUITES,Hospitality,78752,"(30.329076, -97.709553)",-97.709553,30.329076
HANOVER / L1,HANOVER,Multifamily,78701,"(30.265311, -97.74952)",-97.74952,30.265311
HANOVER / L2,HANOVER,Multifamily,78701,"(30.265147, -97.749142)",-97.749142,30.265147
HANOVER / L3,HANOVER,Multifamily,78701,"(30.265425, -97.749045)",-97.749045,30.265425
HANOVER / L4,HANOVER,Multifamily,78701,"(30.265222, -97.749115)",-97.749115,30.265222
HANOVER / L5,HANOVER,Multifamily,78701,"(30.265299, -97.749118)",-97.749118,30.265299
HANOVER / L6,HANOVER,Multifamily,78701,"(30.265239, -97.74912)",-97.74912,30.265239
HANOVER / L7,HANOVER,Multifamily,78701,"(30.265166, -97.749131)",-97.749131,30.265166
HANOVER / LANTANA HILLS,HANOVER,Multifamily,78735,"(30.24912, -97.862418)",-97.862418,30.24912
HEB / HEB LAKEWAY #1,HEB,Retail,78734,"(30.344323, -97.967673)",-97.967673,30.344323
HEB / HEB LAKEWAY #2,HEB,Retail,78734,"(30.344254, -97.967587)",-97.967587,30.344254
HPE AUSTIN / TXN04 A,HPE AUSTIN,Workplace,78728,"(30.445476, -97.690074)",-97.690074,30.445476
HPE AUSTIN / TXN04 B,HPE AUSTIN,Workplace,78728,"(30.445485, -97.690128)",-97.690128,30.445485
HPI 3700 / 3900 SC #1,HPI 3700,Workplace,78746,"(30.337898, -97.807867)",-97.807867,30.337898
HPI 3700 / 3900 SC #2,HPI 3700,Workplace,78746,"(30.337882, -97.807765)",-97.807765,30.337882
HPI 3700 / EV 1,HPI 3700,Workplace,78746,"(30.33688, -97.806575)",-97.806575,30.33688
HPI 3700 / EV 2,HPI 3700,Workplace,78746,"(30.336797, -97.806151)",-97.806151,30.336797
HPI 3700 / EV 3,HPI 3700,Workplace,78746,"(30.336765, -97.806189)",-97.806189,30.336765
HPI 3700 / EV 4,HPI 3700,Workplace,78746,"(30.336723, -97.806259)",-97.806259,30.336723
HPI 3700 / EV 5,HPI 3700,Workplace,78746,"(30.336623, -97.807619)",-97.807619,30.336623
HPI 3700 / EV 6,HPI 3700,Workplace,78746,"(30.336616, -97.8076)",-97.8076,30.336616
INT-BIO EV CHGR / INTBIO EV CHGR1,INT-BIO EV CHGR,Workplace,78754,"(30.33089, -97.668908)",-97.668908,30.33089
INT-BIO EV CHGR / INTBIO EV CHGR2,INT-BIO EV CHGR,Workplace,78754,"(30.330901, -97.668947)",-97.668947,30.330901
LADERA BEND / BUILDING 3,LADERA BEND,Workplace,78750,"(30.371215, -97.800887)",-97.800887,30.371215
LADERA BEND / GATED GARAGE 2,LADERA BEND,Workplace,78730,"(30.372159, -97.80166)",-97.80166,30.372159
LADERA BEND / GATED GARAGE GW,LADERA BEND,Workplace,78730,"(30.372427, -97.801834)",-97.801834,30.372427
LAMARHEIGHTS-AE / LAMAR 1,LAMARHEIGHTS-AE,Multifamily,78751,"(30.322464, -97.7292)",-97.7292,30.322464
LCPM / GARAGE 1,LCPM,Workplace,78705,"(30.306188, -97.743433)",-97.743433,30.306188
LEASING OFFICE / STATION 1,LEASING OFFICE,Multifamily,78737,"(30.231128000000002, -97.889867)",-97.889867,30.231128000000002
LIVESTRONG / 2201 E 6TH ST,LIVESTRONG,Healthcare,78702,"(30.25997, -97.718658)",-97.718658,30.25997
MIRA VISTA / STATION 1,MIRA VISTA,Workplace,78746,"(30.269525, -97.786972)",-97.786972,30.269525
MONOGRAM / HANDICAP,MONOGRAM,Multifamily,78701,"(30.270571, -97.748993)",-97.748993,30.270571
MONOGRAM / PARKING 2-3,MONOGRAM,Multifamily,78701,"(30.270562, -97.748959)",-97.748959,30.270562
MONOGRAM / PARKING 4-5,MONOGRAM,Multifamily,78701,"(30.270567, -97.748906)",-97.748906,30.270567
MUELLER MARKET / MUELLER 1,MUELLER MARKET,Retail,78723,"(30.301411, -97.699019)",-97.699019,30.301411
MUELLER MARKET / MUELLER 2,MUELLER MARKET,Retail,78723,"(30.302981, -97.698722)",-97.698722,30.302981
MUELLER MARKET / MUELLER 3,MUELLER MARKET,Retail,78723,"(30.301581, -97.699416)",-97.699416,30.301581
MUELLER MARKET / MUELLER 4,MUELLER MARKET,Retail,78723,"(30.301615, -97.69867)",-97.69867,30.301615
MUELLER MARKET / MUELLER 5,MUELLER MARKET,Retail,78723,"(30.302555, -97.69899)",-97.69899,30.302555
MUELLER MARKET / MUELLER 6,MUELLER MARKET,Retail,78723,"(30.301591, -97.699535)",-97.699535,30.301591
MUELLER MARKET / MUELLER ST2,MUELLER MARKET,Retail,78723,"(30.301649, -97.698956)",-97.698956,30.301649
MUELLER MARKET / MUELLERST1,MUELLER MARKET,Retail,78723,"(30.302909, -97.69916)",-97.69916,30.302909
NATIONAL INSTRU / 1&2,NATIONAL INSTRU,Workplace,78759,"(30.408792, -97.725312)",-97.725312,30.408792
NATIONAL INSTRU / 11&12;,NATIONAL INSTRU,Workplace,78759,"(30.408722, -97.725271)",-97.725271,30.408722
NATIONAL INSTRU / 13&14;,NATIONAL INSTRU,Workplace,78759,"(30.408775, -97.725228)",-97.725228,30.408775
NATIONAL INSTRU / 15&16;,NATIONAL INSTRU,Workplace,78759,"(30.408822, -97.725196)",-97.725196,30.408822
NATIONAL INSTRU / 17&18;,NATIONAL INSTRU,Workplace,78759,"(30.408534, -97.727744)",-97.727744,30.408534
NATIONAL INSTRU / 19&20;,NATIONAL INSTRU,Workplace,78759,"(30.40854, -97.72767)",-97.72767,30.40854
NATIONAL INSTRU / 3&4,NATIONAL INSTRU,Workplace,78759,"(30.408744, -97.725343)",-97.725343,30.408744
NATIONAL INSTRU / 5&6,NATIONAL INSTRU,Workplace,78759,"(30.408705, -97.725377)",-97.725377,30.408705
NATIONAL INSTRU / 7&8,NATIONAL INSTRU,Workplace,78759,"(30.408505, -97.727699)",-97.727699,30.408505
NATIONAL INSTRU / 9&10;,NATIONAL INSTRU,Workplace,78759,"(30.408686, -97.725307)",-97.725307,30.408686
NEIGHBORHOOD HO / 912 E11TH STAT1,NEIGHBORHOOD HO,Municipal,78702,"(30.270014, -97.730825)",-97.730825,30.270014
NISSAN-TOWN NOR / QUICK CHARGER 1,NISSAN-TOWN NOR,Retail,78758,"(30.374418, -97.732155)",-97.732155,30.374418
NORTHPOINTCENTR / NORTHPOINT,NORTHPOINTCENTR,Workplace,78731,"(30.351629, -97.752035)",-97.752035,30.351629
OPHTHALMOLOGY / AUSTIN EYE STA1,OPHTHALMOLOGY,Workplace,78751,"(30.296713, -97.719788)",-97.719788,30.296713
PARKING LEVEL 1 / GATEWAY 1 MAIN,PARKING LEVEL 1,Multifamily,78758,"(30.3987, -97.724056)",-97.724056,30.3987
PARKING LEVEL 1 / KENZIE 2,PARKING LEVEL 1,Multifamily,78758,"(30.399504, -97.723519)",-97.723519,30.399504
PLUGNEVERYWHERE / ACCSOAUSTIN1,PLUGNEVERYWHERE,Education,78745,"(30.216026, -97.796371)",-97.796371,30.216026
PLUGNEVERYWHERE / ERCOT 1,PLUGNEVERYWHERE,Workplace,78744,"(30.2165, -97.691795)",-97.691795,30.2165
PLUGNEVERYWHERE / ERCOT 2,PLUGNEVERYWHERE,Workplace,78744,"(30.216521, -97.691645)",-97.691645,30.216521
PLUGNEVERYWHERE / ERCOT 3,PLUGNEVERYWHERE,Workplace,78744,"(30.216505, -97.691533)",-97.691533,30.216505
PLUGNEVERYWHERE / HEB 6EA1,PLUGNEVERYWHERE,Retail,78751,"(30.299752, -97.720467)",-97.720467,30.299752
PLUGNEVERYWHERE / PALMER STATION4,PLUGNEVERYWHERE,Parking,78704,"(30.259888, -97.752644)",-97.752644,30.259888
PLUGNEVERYWHERE / PALMER STATION5,PLUGNEVERYWHERE,Parking,78704,"(30.259881, -97.752744)",-97.752744,30.259881
PLUGNEVERYWHERE / PALMER STATION6,PLUGNEVERYWHERE,Parking,78704,"(30.259925, -97.752708)",-97.752708,30.259925
PLUGNEVERYWHERE / PALMER STATION7,PLUGNEVERYWHERE,Parking,78704,"(30.259888, -97.752687)",-97.752687,30.259888
PLUGNEVERYWHERE / PALMER STATION8,PLUGNEVERYWHERE,Parking,78704,"(30.2599, -97.752776)",-97.752776,30.2599
PLUGNEVERYWHERE / PALMER STATION9,PLUGNEVERYWHERE,Parking,78704,"(30.25989, -97.752711)",-97.752711,30.25989
PLUGNEVERYWHERE / PUB CAMP MABRY1,PLUGNEVERYWHERE,Parking,78703,"(30.316576, -97.757643)",-97.757643,30.316576
PLUGNEVERYWHERE / PUB CAMP MABRY2,PLUGNEVERYWHERE,Parking,78703,"(30.31659, -97.757581)",-97.757581,30.31659
PLUGNEVERYWHERE / PUB LOCKHART 1,PLUGNEVERYWHERE,Retail,78748,"(30.168498, -97.795821)",-97.795821,30.168498
PLUGNEVERYWHERE / PUB M STATION 1,PLUGNEVERYWHERE,Multifamily,78722,"(30.283607, -97.708234)",-97.708234,30.283607
PLUGNEVERYWHERE / PUB UTANTONIO 1,PLUGNEVERYWHERE,Education,78705,"(30.2885, -97.742343)",-97.742343,30.2885
PLUGNEVERYWHERE / PUB UTANTONIO 2,PLUGNEVERYWHERE,Education,78705,"(30.288454, -97.742343)",-97.742343,30.288454
PLUGNEVERYWHERE / PUB UTPICKLE1,PLUGNEVERYWHERE,Education,78758,"(30.389653, -97.725036)",-97.725036,30.389653
PLUGNEVERYWHERE / PUB UTPICKLE2,PLUGNEVERYWHERE,Education,78758,"(30.389602, -97.725084)",-97.725084,30.389602
PLUGNEVERYWHERE / PUB-ACC EVIEW1,PLUGNEVERYWHERE,Education,78702,"(30.268135, -97.706108)",-97.706108,30.268135
PLUGNEVERYWHERE / PUB-ACC EVIEW2,PLUGNEVERYWHERE,Education,78702,"(30.268106, -97.70613)",-97.70613,30.268106
PLUGNEVERYWHERE / PUB-ACC NRIDGE1,PLUGNEVERYWHERE,Education,78758,"(30.40304, -97.703682)",-97.703682,30.40304
PLUGNEVERYWHERE / PUB-ACC NRIDGE2,PLUGNEVERYWHERE,Education,78758,"(30.402954, -97.703636)",-97.703636,30.402954
PLUGNEVERYWHERE / PUBACCHIGHLAND1,PLUGNEVERYWHERE,Education,78752,"(30.322672, -97.712753)",-97.712753,30.322672
PLUGNEVERYWHERE / PUBACCHIGHLAND2,PLUGNEVERYWHERE,Education,78752,"(30.32288, -97.711792)",-97.711792,30.32288
PLUGNEVERYWHERE / PUBACCPINNACLE1,PLUGNEVERYWHERE,Education,78736,"(30.231403, -97.883194)",-97.883194,30.231403
PLUGNEVERYWHERE / PUBACCPINNACLE2,PLUGNEVERYWHERE,Education,78736,"(30.23143, -97.883171)",-97.883171,30.23143
PLUGNEVERYWHERE / PUBACCRIOGRAND1,PLUGNEVERYWHERE,Education,78701,"(30.277252, -97.747261)",-97.747261,30.277252
PLUGNEVERYWHERE / PUBACCRIOGRAND2,PLUGNEVERYWHERE,Education,78701,"(30.277239, -97.747215)",-97.747215,30.277239
PLUGNEVERYWHERE / PUBACCRIVERSID1,PLUGNEVERYWHERE,Education,78741,"(30.235128, -97.705193)",-97.705193,30.235128
PLUGNEVERYWHERE / PUBACCRIVERSID2,PLUGNEVERYWHERE,Education,78741,"(30.235104, -97.705184)",-97.705184,30.235104
PLUGNEVERYWHERE / PUBACCSOAUSTIN2,PLUGNEVERYWHERE,Education,78745,"(30.21609, -97.796324)",-97.796324,30.21609
PLUGNEVERYWHERE / PUBACCSVSCTRST1,PLUGNEVERYWHERE,Education,78754,"(30.339029, -97.662231)",-97.662231,30.339029
PLUGNEVERYWHERE / PUBACCSVSCTRST2,PLUGNEVERYWHERE,Education,78754,"(30.338486, -97.662247)",-97.662247,30.338486
PLUGNEVERYWHERE / PUBAISDBURGERC,PLUGNEVERYWHERE,Parking,78745,"(30.228455, -97.809379)",-97.809379,30.228455
PLUGNEVERYWHERE / PUBAMLI1,PLUGNEVERYWHERE,Multifamily,78701,"(30.265999, -97.748375)",-97.748375,30.265999
PLUGNEVERYWHERE / PUB-CENTRALMKTN,PLUGNEVERYWHERE,Retail,78705,"(30.308495, -97.740775)",-97.740775,30.308495
PLUGNEVERYWHERE / PUB-CENTRALMKTS,PLUGNEVERYWHERE,Retail,78745,"(30.232234, -97.798404)",-97.798404,30.232234
PLUGNEVERYWHERE / PUBCHASEESCAL1,PLUGNEVERYWHERE,Retail,78746,"(30.27567, -97.817127)",-97.817127,30.27567
PLUGNEVERYWHERE / PUB-DELL1,PLUGNEVERYWHERE,Workplace,78722,"(30.302507, -97.70694)",-97.70694,30.302507
PLUGNEVERYWHERE / PUB-DELL2,PLUGNEVERYWHERE,Workplace,78723,"(30.302489, -97.70692)",-97.70692,30.302489
PLUGNEVERYWHERE / PUB-DELL3,PLUGNEVERYWHERE,Workplace,78722,"(30.302517, -97.706963)",-97.706963,30.302517
PLUGNEVERYWHERE / PUBDENNYSNORTH1,PLUGNEVERYWHERE,Retail,78702,"(30.276489, -97.729614)",-97.729614,30.276489
PLUGNEVERYWHERE / PUBDENNYSNORTH2,PLUGNEVERYWHERE,Retail,78702,"(30.27652, -97.729645)",-97.729645,30.27652
PLUGNEVERYWHERE / PUBGABLES 5TH 1,PLUGNEVERYWHERE,Multifamily,78703,"(30.273914, -97.764313)",-97.764313,30.273914
PLUGNEVERYWHERE / PUBGABLES 5TH 2,PLUGNEVERYWHERE,Multifamily,78703,"(30.273823, -97.764206)",-97.764206,30.273823
PLUGNEVERYWHERE / PUBGABLESPARK 1,PLUGNEVERYWHERE,Multifamily,78701,"(30.267687, -97.755051)",-97.755051,30.267687
PLUGNEVERYWHERE / PUBGABLESPARK 2,PLUGNEVERYWHERE,Multifamily,78703,"(30.267736, -97.754929)",-97.754929,30.267736
PLUGNEVERYWHERE / PUBGABLESPRESS1,PLUGNEVERYWHERE,Multifamily,78703,"(30.272982, -97.760445)",-97.760445,30.272982
PLUGNEVERYWHERE / PUBGABLESPRESS2,PLUGNEVERYWHERE,Multifamily,78703,"(30.27289, -97.760269)",-97.760269,30.27289
PLUGNEVERYWHERE / PUBHARCON L2,PLUGNEVERYWHERE,Workplace,78730,"(30.373046, -97.806478)",-97.806478,30.373046
PLUGNEVERYWHERE / PUBHEBBRODIEST1,PLUGNEVERYWHERE,Retail,78745,"(30.21613, -97.829525)",-97.829525,30.21613
PLUGNEVERYWHERE / PUB-HEBCONGRESS,PLUGNEVERYWHERE,Retail,78704,"(30.238693, -97.753968)",-97.753968,30.238693
PLUGNEVERYWHERE / PUBHILL.CGAL1,PLUGNEVERYWHERE,Retail,78738,"(30.309265, -97.942333)",-97.942333,30.309265
PLUGNEVERYWHERE / PUBHILL.CGAL2,PLUGNEVERYWHERE,Retail,78738,"(30.30783, -97.938626)",-97.938626,30.30783
PLUGNEVERYWHERE / PUBLIFEWORKSST1,PLUGNEVERYWHERE,Workplace,78702,"(30.264948, -97.708034)",-97.708034,30.264948
PLUGNEVERYWHERE / PUBLIFEWORKSST2,PLUGNEVERYWHERE,Workplace,78702,"(30.264925, -97.708077)",-97.708077,30.264925
PLUGNEVERYWHERE / PUBLOSTPARROTS1,PLUGNEVERYWHERE,Hospitality,78734,"(30.382643, -97.933861)",-97.933861,30.382643
PLUGNEVERYWHERE / PUBPEARSON CTR1,PLUGNEVERYWHERE,Education,78753,"(30.417437, -97.664087)",-97.664087,30.417437
PLUGNEVERYWHERE / PUBPEARSONH LN1,PLUGNEVERYWHERE,Education,78753,"(30.416589, -97.666054)",-97.666054,30.416589
PLUGNEVERYWHERE / PUB-STDAVIDSST1,PLUGNEVERYWHERE,Healthcare,78701,"(30.268719, -97.738899)",-97.738899,30.268719
PLUGNEVERYWHERE / PUB-STDAVIDSST2,PLUGNEVERYWHERE,Healthcare,78701,"(30.268694, -97.738907)",-97.738907,30.268694
PLUGNEVERYWHERE / PUBWYNDHAMGARD1,PLUGNEVERYWHERE,Hospitality,78741,"(30.222803, -97.746101)",-97.746101,30.222803
PLUGNEVERYWHERE / SEAHOLMDC,PLUGNEVERYWHERE,Parking,78701,"(30.266814, -97.754094)",-97.754094,30.266814
PLUGNEVERYWHERE / SEAHOLML2,PLUGNEVERYWHERE,Parking,78703,"(30.266793, -97.754031)",-97.754031,30.266793
PRESIDIUM / ELEVATION,PRESIDIUM,Multifamily,78741,"(30.233914, -97.727254)",-97.727254,30.233914
PRESIDIUM / LAUREL,PRESIDIUM,Multifamily,78750,"(30.436594, -97.777617)",-97.777617,30.436594
PRESIDIUM / VIOLET,PRESIDIUM,Multifamily,78745,"(30.191582, -97.775626)",-97.775626,30.191582
PRESIDIUM / VUE,PRESIDIUM,Multifamily,78752,"(30.333857, -97.691302)",-97.691302,30.333857
RAINEY STREET / MILLENNIUM 01,RAINEY STREET,Multifamily,78701,"(30.260803, -97.737765)",-97.737765,30.260803
RAINEY STREET / MILLENNIUM 02,RAINEY STREET,Multifamily,78701,"(30.260538, -97.738296)",-97.738296,30.260538
ROSCOE PROPERTI / CURRENT MAIN,ROSCOE PROPERTI,Multifamily,78741,"(30.231758, -97.729473)",-97.729473,30.231758
ROSCOE PROPERTI / MESH MAIN,ROSCOE PROPERTI,Multifamily,78741,"(30.240977, -97.726259)",-97.726259,30.240977
ROSCOE PROPERTI / THE CONNECTION,ROSCOE PROPERTI,Multifamily,78741,"(30.227456, -97.726096)",-97.726096,30.227456
ROSCOE PROPERTI / TIMBERCREEK 1,ROSCOE PROPERTI,Multifamily,78704,"(30.256475, -97.751759)",-97.751759,30.256475
ROSCOE PROPERTI / TRIO MAIN,ROSCOE PROPERTI,Multifamily,78741,"(30.228786, -97.726326)",-97.726326,30.228786
ROSCOE PROPERTI / VOLUME MAIN,ROSCOE PROPERTI,Multifamily,78722,"(30.28544, -97.715107)",-97.715107,30.28544
RPP GARAGE / GARAGE 2,RPP GARAGE,Workplace,78727,"(30.429442, -97.755212)",-97.755212,30.429442
RPP GARAGE / GARAGE GW,RPP GARAGE,Workplace,78727,"(30.429363, -97.755248)",-97.755248,30.429363
RPP GARAGE / ISLAND 2,RPP GARAGE,Workplace,78759,"(30.427967, -97.754411)",-97.754411,30.427967
RPP GARAGE / ISLAND GW,RPP GARAGE,Workplace,78759,"(30.428017, -97.754379)",-97.754379,30.428017
SLEEP INN / SLEEP INN 1,SLEEP INN,Hospitality,78754,"(30.329889, -97.661712)",-97.661712,30.329889
SOLARWINDS / SOLARWINDS #1,SOLARWINDS,Workplace,78735,"(30.251073, -97.86319)",-97.86319,30.251073
SOLARWINDS / SOLARWINDS #2,SOLARWINDS,Workplace,78735,"(30.250799, -97.862755)",-97.862755,30.250799
SPRINGS AT TR / CLUBHOUSE,SPRINGS AT TR,Multifamily,78753,"(30.394787, -97.653242)",-97.653242,30.394787
STATION 1 / #1,STATION 1,Workplace,78746,"(30.304182, -97.828161)",-97.828161,30.304182
STATION 1 / @ THE DISTRICT,STATION 1,Multifamily,78741,"(30.22894, -97.719683)",-97.719683,30.22894
STATION 1 / PLAZA 1,STATION 1,Workplace,78746,"(30.347873, -97.800826)",-97.800826,30.347873
STATION1-PP / PELOTON GARAGE,STATION1-PP,Workplace,78731,"(30.386783, -97.768747)",-97.768747,30.386783
STEINER RANCH / EV CHARGER #1,STEINER RANCH,Multifamily,78732,"(30.383357, -97.873053)",-97.873053,30.383357
SUSTAINABLEFOOD / SUSTAINABLEFOOD,SUSTAINABLEFOOD,Workplace,78702,"(30.278611, -97.710364)",-97.710364,30.278611
THE GROVE / MAIN STATION 1,THE GROVE,Multifamily,78704,"(30.236473, -97.782607)",-97.782607,30.236473
THE MEDVE GROUP / ARTS S AUSTIN,THE MEDVE GROUP,Multifamily,78745,"(30.221064, -97.770408)",-97.770408,30.221064
THE MEDVE GROUP / BARTON HILLS,THE MEDVE GROUP,Multifamily,78704,"(30.261911, -97.773946)",-97.773946,30.261911
THE MEDVE GROUP / TURTLE CREEK,THE MEDVE GROUP,Multifamily,78745,"(30.204478, -97.783736)",-97.783736,30.204478
THE PRESERVE / MAIN GATEWAY 1,THE PRESERVE,Multifamily,78735,"(30.246834, -97.846018)",-97.846018,30.246834
TIG REAL ESTATE / PIE-STATION 1,TIG REAL ESTATE,Workplace,78746,"(30.265768, -97.779681)",-97.779681,30.265768
W1 / W1,W1,Workplace,78731,"(30.314723, -97.756396)",-97.756396,30.314723
WALLERCREEKSIDE / CREEKSIDE1,WALLERCREEKSIDE,Multifamily,78751,"(30.315229, -97.724395)",-97.724395,30.315229
WHITLEY MAIN / PIE-M WHITLEY,WHITLEY MAIN,Multifamily,78701,"(30.265199, -97.742194)",-97.742194,30.265199
WORKPLACE / PIE-P SUST FOOD,WORKPLACE,Workplace,78702,"(30.278064, -97.710187)",-97.710187,30.278064
YETI RAMBLERS / EVSE #1,YETI RAMBLERS,Workplace,78735,"(30.256412, -97.871799)",-97.871799,30.256412
YETI RAMBLERS / EVSE #2,YETI RAMBLERS,Workplace,78735,"(30.255806, -97.872517)",-97.872517,30.255806
YETI RAMBLERS / EVSE #3,YETI RAMBLERS,Workplace,78735,"(30.25183, -97.876086)",-97.876086,30.25183
YETI RAMBLERS / EVSE4,YETI RAMBLERS,Workplace,78735,"(30.251792, -97.876256)",-97.876256,30.251792
